sub_category,yr,sales,profit,margin_pct,sales_yoy_pct
Accessories,2015,25014.27,6402.72,25.6,
Accessories,2016,40523.96,10197.28,25.16,62.0
Accessories,2017,41895.85,9664.29,23.07,3.39
Accessories,2018,59946.23,15672.36,26.14,43.08
Appliances,2015,15313.63,2459.5,16.06,
Appliances,2016,23241.29,2511.9,10.81,51.77
Appliances,2017,26050.31,5301.34,20.35,12.09
Appliances,2018,42926.93,7865.27,18.32,64.78
Art,2015,6057.98,1406.8,23.22,
Art,2016,6236.83,1485.06,23.81,2.95
Art,2017,5960.91,1413.96,23.72,-4.42
Art,2018,8863.07,2221.96,25.07,48.69
Binders,2015,43488.26,4739.72,10.9,
Binders,2016,37453.1,7596.67,20.28,-13.88
Binders,2017,49683.32,10215.63,20.56,32.65
Binders,2018,72788.04,7669.74,10.54,46.5
Bookcases,2015,20036.68,-346.17,-1.73,
Bookcases,2016,38543.57,-2755.23,-7.15,92.37
Bookcases,2017,26275.47,212.47,0.81,-31.83
Bookcases,2018,30024.28,-583.63,-1.94,14.27
Chairs,2015,77241.58,6955.05,9.0,
Chairs,2016,71734.53,6228.42,8.68,-7.13
Chairs,2017,83918.65,5763.15,6.87,16.99
Chairs,2018,95554.35,7643.55,8.0,13.87
Copiers,2015,10849.78,2912.94,26.85,
Copiers,2016,26179.45,9930.3,37.93,141.29
Copiers,2017,49599.41,17742.79,35.77,89.46
Copiers,2018,62899.39,25031.79,39.8,26.81
Envelopes,2015,3855.75,1495.48,38.79,
Envelopes,2016,4512.19,1960.19,43.44,17.02
Envelopes,2017,4729.89,2066.75,43.7,4.82
Envelopes,2018,3378.57,1441.76,42.67,-28.57
Fasteners,2015,661.33,178.56,27.0,
Fasteners,2016,545.22,171.94,31.54,-17.56
Fasteners,2017,960.13,294.07,30.63,76.1
Fasteners,2018,857.59,304.95,35.56,-10.68
Furnishings,2015,13826.23,1972.89,14.27,
Furnishings,2016,21089.71,3051.82,14.47,52.53
Furnishings,2017,27874.12,3935.27,14.12,32.17
Furnishings,2018,28915.09,4099.16,14.18,3.73
Labels,2015,2841.39,1286.0,45.26,
Labels,2016,2956.46,1323.03,44.75,4.05
Labels,2017,2827.24,1192.61,42.18,-4.37
Labels,2018,3861.22,1744.61,45.18,36.57
Machines,2015,62023.37,369.17,0.6,
Machines,2016,27763.7,2977.49,10.72,-55.24
Machines,2017,55906.89,2907.32,5.2,101.37
Machines,2018,43544.68,-2869.22,-6.59,-22.11
Paper,2015,14834.96,6371.02,42.95,
Paper,2016,15287.64,6570.17,42.98,3.05
Paper,2017,20661.89,9071.53,43.9,35.15
Paper,2018,27694.72,12040.84,43.48,34.04
Phones,2015,77390.81,11808.01,15.26,
Phones,2016,68313.7,10398.81,15.22,-11.73
Phones,2017,78962.03,9459.59,11.98,15.59
Phones,2018,105340.52,12849.33,12.2,33.41
Storage,2015,50329.04,4166.28,8.28,
Storage,2016,45048.25,3505.46,7.78,-10.49
Storage,2017,58788.7,6204.29,10.55,30.5
Storage,2018,69677.62,7402.8,10.62,18.52
Supplies,2015,14394.07,490.06,3.4,
Supplies,2016,1952.48,-24.88,-1.27,-86.44
Supplies,2017,14277.58,-698.96,-4.9,631.25
Supplies,2018,16049.41,-955.31,-5.95,12.41
Tables,2015,46088.37,-3124.04,-6.78,
Tables,2016,39150.42,-3509.8,-8.96,-15.05
Tables,2017,60833.2,-2950.94,-4.85,55.38
Tables,2018,60893.54,-8140.69,-13.37,0.1
