sub_category,profit_up_to_20pct,profit_above_20pct,sales_above_20pct_share
Binders,68732.26,-38510.5,17.77
Tables,12972.74,-30698.22,43.46
Machines,32940.11,-29555.35,40.6
Bookcases,7625.21,-11097.76,24.85
Appliances,26767.65,-8629.64,3.15
Chairs,33327.28,-6737.12,21.31
Phones,50901.52,-6385.79,10.41
Furnishings,19003.8,-5944.66,7.25
Accessories,41936.64,0.0,0.0
Art,6527.79,0.0,0.0
Envelopes,6964.18,0.0,0.0
Fasteners,949.52,0.0,0.0
Labels,5546.25,0.0,0.0
Paper,34053.57,0.0,0.0
Storage,21278.83,0.0,0.0
Supplies,-1189.1,0.0,0.0
Copiers,53434.85,2182.98,11.32
