customer_id,recency,frequency,monetary,profit,R,F,M,score,segment
AA-10315,185,5,5563.56,-362.88,1,1,4,6,Potential
AA-10375,20,9,1056.39,277.38,4,4,1,9,Loyal
AA-10480,260,4,1790.51,435.83,1,1,2,4,At Risk
AA-10645,56,6,5086.93,857.8,3,2,4,9,Loyal
AB-10015,416,3,886.16,129.35,1,1,1,3,Lost
AB-10060,55,8,7755.62,2054.59,3,3,4,10,Champions
AB-10105,42,10,14473.57,5444.81,3,4,4,11,Champions
AB-10150,42,5,966.71,313.66,3,1,1,5,At Risk
AB-10165,26,8,1113.84,220.81,4,3,1,8,Loyal
AB-10255,167,9,914.53,264.57,2,4,1,7,Potential
AB-10600,51,4,1515.86,-274.96,3,1,2,6,Potential
AC-10420,233,3,925.8,-62.13,1,1,1,3,Lost
AC-10450,12,7,5527.85,1366.01,4,3,4,11,Champions
AC-10615,7,5,2537.69,298.83,4,1,3,8,Loyal
AC-10660,283,5,657.32,-28.7,1,1,1,3,Lost
AD-10180,30,8,6106.88,1869.93,4,3,4,11,Champions
AF-10870,42,7,2052.91,317.97,3,3,2,8,Loyal
AF-10885,416,4,861.56,-163.12,1,1,1,3,Lost
AG-10270,279,5,2582.9,732.74,1,2,3,6,Potential
AG-10300,119,4,367.55,59.29,2,1,1,4,At Risk
AG-10330,9,5,660.97,-5.14,4,2,1,7,Potential
AG-10390,115,5,200.94,69.28,2,2,1,5,At Risk
AG-10495,79,8,2356.86,295.67,2,3,3,8,Loyal
AG-10525,845,4,1455.04,-152.76,1,1,2,4,At Risk
AG-10675,98,7,3489.04,-246.43,2,3,3,8,Loyal
AG-10765,78,4,170.58,-8.43,2,1,1,4,At Risk
AG-10900,97,10,4510.8,343.68,2,4,4,10,Champions
AH-10030,13,7,1744.7,365.22,4,3,2,9,Loyal
AH-10075,35,10,3250.34,281.19,3,4,3,10,Champions
AH-10120,61,7,1735.51,-2.31,3,3,2,8,Loyal
AH-10195,56,4,1587.45,-378.55,3,1,2,6,Potential
AH-10210,7,9,4805.34,1308.55,4,4,4,12,Champions
AH-10465,231,5,2495.39,-196.12,1,2,3,6,Potential
AH-10585,22,4,738.5,83.96,4,1,1,6,Potential
AH-10690,411,12,7888.29,1298.02,1,4,4,9,Loyal
AI-10855,14,10,4375.79,867.73,4,4,4,12,Champions
AJ-10780,76,7,4867.34,150.71,2,3,4,9,Loyal
AJ-10795,167,7,4501.39,1158.71,2,3,4,9,Loyal
AJ-10945,86,7,1839.24,521.14,2,3,2,7,Potential
AJ-10960,75,3,629.25,60.43,3,1,1,5,At Risk
AM-10360,29,5,814.01,194.99,4,2,1,7,Potential
AM-10705,163,8,5664.02,1085.73,2,3,4,9,Loyal
AO-10810,502,1,161.28,12.1,1,1,1,3,Lost
AP-10720,42,8,1638.55,285.79,3,3,2,8,Loyal
AP-10915,99,10,3323.56,579.31,2,4,3,9,Loyal
AR-10345,112,4,1055.69,-221.05,2,1,1,4,At Risk
AR-10405,126,5,2236.13,-98.76,2,2,2,6,Potential
AR-10510,15,5,264.86,43.67,4,2,1,7,Potential
AR-10540,7,6,6608.45,2884.62,4,2,4,10,Champions
AR-10570,535,1,88.15,32.63,1,1,1,3,Lost
AR-10825,59,8,4523.34,494.84,3,3,4,10,Champions
AS-10045,89,7,3050.69,-253.57,2,3,3,8,Loyal
AS-10090,29,9,3255.31,64.54,4,4,3,11,Champions
AS-10135,42,2,58.82,21.85,3,1,1,5,At Risk
AS-10225,23,5,4260.78,719.78,4,2,4,10,Champions
AS-10240,193,7,584.61,33.72,1,3,1,5,At Risk
AS-10285,20,6,3214.24,354.63,4,2,3,9,Loyal
AS-10630,93,7,833.4,136.49,2,3,1,6,Potential
AT-10435,22,6,1171.81,100.88,4,2,2,8,Loyal
AT-10735,14,10,3831.86,974.11,4,4,4,12,Champions
AW-10840,21,4,649.38,65.77,4,1,1,6,Potential
AW-10930,47,7,2852.97,-104.55,3,3,3,9,Loyal
AY-10555,15,4,497.01,103.35,4,1,1,6,Potential
AZ-10750,161,6,1622.02,154.95,2,2,2,6,Potential
BB-10990,106,5,744.34,11.58,2,2,1,5,At Risk
BB-11545,29,9,6765.73,1015.08,4,4,4,12,Champions
BC-11125,203,9,2933.68,251.6,1,4,3,8,Loyal
BD-11320,34,12,5718.52,1094.5,3,4,4,11,Champions
BD-11500,36,6,4411.24,1142.12,3,2,4,9,Loyal
BD-11560,279,2,320.54,116.71,1,1,1,3,Lost
BD-11605,98,7,3288.47,634.85,2,3,3,8,Loyal
BD-11620,70,6,1538.11,206.76,3,2,2,7,Potential
BD-11635,10,3,582.65,141.53,4,1,1,6,Potential
BD-11725,94,6,1526.5,333.98,2,2,2,6,Potential
BD-11770,328,6,658.47,141.26,1,2,1,4,At Risk
BE-11335,120,5,4204.68,1487.77,2,2,4,8,Loyal
BE-11410,99,5,2261.44,755.92,2,2,3,7,Potential
BE-11455,255,6,1727.65,139.2,1,2,2,5,At Risk
BF-10975,92,7,599.8,227.44,2,3,1,6,Potential
BF-11005,40,4,1333.88,-291.38,3,1,2,6,Potential
BF-11020,75,8,2888.51,302.02,3,3,3,9,Loyal
BF-11080,26,3,272.95,110.93,4,1,1,6,Potential
BF-11170,17,11,5907.97,1538.21,4,4,4,12,Champions
BF-11215,66,4,1585.16,523.21,3,1,2,6,Potential
BF-11275,58,3,791.99,25.87,3,1,1,5,At Risk
BG-11035,29,8,2798.95,-711.43,4,3,3,10,Champions
BG-11695,37,6,1874.17,107.57,3,2,2,7,Potential
BG-11740,58,6,1006.36,119.35,3,2,1,6,Potential
BH-11710,24,8,6255.35,802.79,4,3,4,11,Champions
BK-11260,78,6,659.14,-63.76,2,2,1,5,At Risk
BM-11140,308,4,11789.63,-1659.96,1,1,4,6,Potential
BM-11575,101,6,808.16,95.58,2,2,1,5,At Risk
BM-11650,34,11,7294.18,2199.28,3,4,4,11,Champions
BM-11785,219,10,1338.84,137.74,1,4,2,7,Potential
BN-11470,25,4,265.3,36.61,4,1,1,6,Potential
BN-11515,10,5,1459.34,340.71,4,2,2,8,Loyal
BO-11350,138,5,2682.73,278.78,2,2,3,7,Potential
BO-11425,76,2,130.83,59.45,3,1,1,5,At Risk
BP-11050,84,5,983.42,209.78,2,2,1,5,At Risk
BP-11095,18,12,2442.04,433.98,4,4,3,11,Champions
BP-11155,90,6,1697.86,647.38,2,2,2,6,Potential
BP-11185,2,9,3675.86,363.6,4,4,3,11,Champions
BP-11230,40,5,1181.49,-197.27,3,2,2,7,Potential
BP-11290,13,7,2475.16,-319.06,4,3,3,10,Champions
BS-11365,559,5,10501.65,2616.06,1,2,4,7,Potential
BS-11380,29,5,3887.83,-17.53,4,2,4,10,Champions
BS-11590,36,6,2454.93,381.78,3,2,3,8,Loyal
BS-11665,583,3,3288.11,238.74,1,1,3,5,At Risk
BS-11755,2,7,2562.38,-113.3,4,3,3,10,Champions
BS-11800,266,2,949.43,194.05,1,1,1,3,Lost
BT-11305,337,5,2567.66,417.59,1,2,3,6,Potential
BT-11395,303,6,2186.61,257.92,1,2,2,5,At Risk
BT-11440,561,4,603.88,-77.53,1,1,1,3,Lost
BT-11485,660,2,415.2,126.87,1,1,1,3,Lost
BT-11530,92,5,2684.49,409.5,2,2,3,7,Potential
BT-11680,21,7,3196.75,447.75,4,3,3,10,Champions
BV-11245,335,5,1523.27,315.22,1,2,2,5,At Risk
BW-11065,213,3,385.52,-58.29,1,1,1,3,Lost
BW-11110,122,8,4750.36,921.26,2,3,4,9,Loyal
BW-11200,204,6,1738.41,247.0,1,2,2,5,At Risk
CA-11965,97,6,3789.72,1143.38,2,2,4,8,Loyal
CA-12055,402,5,1679.72,211.26,1,2,2,5,At Risk
CA-12265,57,9,2648.29,279.62,3,4,3,10,Champions
CA-12310,14,4,1421.95,246.02,4,1,2,7,Potential
CA-12775,121,7,3041.57,204.49,2,3,3,8,Loyal
CB-12025,48,10,6076.14,150.21,3,4,4,11,Champions
CB-12415,27,8,1949.2,272.39,4,3,2,9,Loyal
CB-12535,198,8,4246.46,1049.56,1,3,4,8,Loyal
CC-12100,458,6,1770.94,208.59,1,2,2,5,At Risk
CC-12145,107,7,2471.65,392.28,2,3,3,8,Loyal
CC-12220,21,12,3913.42,393.96,4,4,4,12,Champions
CC-12370,44,5,12129.07,2177.05,3,2,4,9,Loyal
CC-12430,1,10,2870.05,424.66,4,4,3,11,Champions
CC-12475,40,9,1659.44,154.85,3,4,2,9,Loyal
CC-12550,28,3,113.83,33.87,4,1,1,6,Potential
CC-12610,35,7,2540.63,331.43,3,3,3,9,Loyal
CC-12670,30,7,2269.7,187.84,4,3,3,10,Champions
CC-12685,799,4,2854.12,850.16,1,1,3,5,At Risk
CD-11920,41,5,2033.97,426.66,3,2,2,7,Potential
CD-11980,55,3,639.77,-206.72,3,1,1,5,At Risk
CD-12280,43,2,1205.58,233.03,3,1,2,6,Potential
CD-12790,400,5,1860.73,403.84,1,2,2,5,At Risk
CG-12040,50,6,904.47,86.51,3,2,1,6,Potential
CG-12520,339,3,1148.78,169.93,1,1,2,4,At Risk
CH-12070,691,3,1537.24,195.15,1,1,2,4,At Risk
CJ-11875,366,1,16.52,1.65,1,1,1,3,Lost
CJ-12010,190,8,11164.97,858.74,1,3,4,8,Loyal
CK-12205,40,13,3154.86,141.28,3,4,3,10,Champions
CK-12325,121,5,2945.32,261.22,2,2,3,7,Potential
CK-12595,44,11,2372.75,497.71,3,4,3,10,Champions
CK-12760,83,9,1582.11,-338.43,2,4,2,8,Loyal
CL-11890,107,4,1262.01,328.08,2,1,2,5,At Risk
CL-12565,285,12,10880.55,1933.78,1,4,4,9,Loyal
CL-12700,106,5,2353.59,229.01,2,2,3,7,Potential
CM-11815,132,6,1673.89,214.46,2,2,2,6,Potential
CM-11935,708,2,565.39,-43.73,1,1,1,3,Lost
CM-12115,9,4,1661.61,409.07,4,1,2,7,Potential
CM-12160,27,6,2533.31,-394.37,4,2,3,9,Loyal
CM-12190,9,6,1475.14,91.2,4,2,2,8,Loyal
CM-12235,386,5,2305.71,365.04,1,2,3,6,Potential
CM-12385,38,4,8954.02,3899.89,3,1,4,8,Loyal
CM-12445,437,3,287.99,64.43,1,1,1,3,Lost
CM-12655,28,6,6339.56,1572.46,4,2,4,10,Champions
CM-12715,1035,4,3984.45,176.31,1,1,4,6,Potential
CP-12085,83,8,5402.25,427.03,2,3,4,9,Loyal
CP-12340,161,8,5888.28,-1850.3,2,3,4,9,Loyal
CR-12580,58,4,2148.85,74.4,3,1,2,6,Potential
CR-12625,471,3,475.9,144.76,1,1,1,3,Lost
CR-12730,79,4,1600.55,306.92,2,1,2,5,At Risk
CR-12820,86,3,1397.87,83.27,2,1,2,5,At Risk
CS-11845,92,5,1278.95,185.38,2,2,2,6,Potential
CS-11860,163,6,537.63,105.83,2,2,1,5,At Risk
CS-11950,26,11,3036.55,-126.42,4,4,3,11,Champions
CS-12130,490,4,884.64,143.83,1,1,1,3,Lost
CS-12175,233,5,844.46,113.14,1,2,1,4,At Risk
CS-12250,27,12,2754.22,738.36,4,4,3,11,Champions
CS-12355,7,11,3202.16,831.94,4,4,3,11,Champions
CS-12400,3,9,3651.86,-342.8,4,4,3,11,Champions
CS-12460,28,2,550.64,156.26,4,1,1,6,Potential
CS-12490,425,4,1077.23,-302.88,1,1,1,3,Lost
CS-12505,59,6,5690.05,-6626.39,3,2,4,9,Loyal
CT-11995,97,8,3241.9,161.23,2,3,3,8,Loyal
CV-12295,255,5,2830.63,493.09,1,2,3,6,Potential
CV-12805,6,9,2370.31,99.0,4,4,3,11,Champions
CW-11905,23,6,1136.59,370.83,4,2,1,7,Potential
CY-12745,61,8,2900.03,60.65,3,3,3,9,Loyal
Co-12640,550,5,1300.08,205.63,1,2,2,5,At Risk
DA-13450,353,4,156.76,56.79,1,1,1,3,Lost
DB-12910,22,8,2171.6,431.37,4,3,2,9,Loyal
DB-12970,242,5,2839.23,213.0,1,2,3,6,Potential
DB-13060,17,7,4531.65,473.03,4,3,4,11,Champions
DB-13120,49,7,2973.09,-1421.77,3,3,3,9,Loyal
DB-13210,10,10,2332.58,169.97,4,4,3,11,Champions
DB-13270,54,8,4655.9,841.83,3,3,4,10,Champions
DB-13360,265,5,1081.47,291.01,1,2,1,4,At Risk
DB-13405,188,4,1711.69,438.91,1,1,2,4,At Risk
DB-13555,108,7,3908.8,109.33,2,3,4,9,Loyal
DB-13615,34,7,1989.05,438.8,3,3,2,8,Loyal
DB-13660,13,7,1155.2,177.67,4,3,2,9,Loyal
DC-12850,38,9,3336.17,-1441.63,3,4,3,10,Champions
DC-13285,24,5,1174.62,132.07,4,2,2,8,Loyal
DD-13570,42,6,269.54,36.43,3,2,1,6,Potential
DE-13255,719,5,2550.87,464.47,1,2,3,6,Potential
DF-13135,700,3,2390.53,-259.31,1,1,3,5,At Risk
DG-13300,33,5,3195.82,562.78,3,2,3,8,Loyal
DH-13075,278,6,4932.87,1193.74,1,2,4,7,Potential
DH-13675,776,4,1043.1,116.67,1,1,1,3,Lost
DJ-13420,638,4,2012.52,483.04,1,1,2,4,At Risk
DJ-13510,49,8,2501.69,345.25,3,3,3,9,Loyal
DJ-13630,13,3,3356.4,731.56,4,1,3,8,Loyal
DK-12835,22,12,3256.48,881.12,4,4,3,11,Champions
DK-12895,46,5,4282.18,937.65,3,2,4,9,Loyal
DK-12985,8,5,1687.04,-107.35,4,2,2,8,Loyal
DK-13090,43,7,2650.56,536.39,3,3,3,9,Loyal
DK-13150,11,2,797.83,249.94,4,1,1,6,Potential
DK-13225,11,9,4802.39,209.9,4,4,4,12,Champions
DK-13375,20,8,3318.49,377.08,4,3,3,10,Champions
DL-12865,101,8,1503.11,322.24,2,3,2,7,Potential
DL-12925,58,6,3272.2,4.21,3,2,3,8,Loyal
DL-13315,23,8,1458.26,288.87,4,3,2,9,Loyal
DL-13330,58,4,585.02,222.68,3,1,1,5,At Risk
DL-13495,77,8,3539.32,-52.79,2,3,3,8,Loyal
DM-12955,115,7,1322.03,108.76,2,3,2,7,Potential
DM-13015,58,7,6345.1,1677.39,3,3,4,10,Champions
DM-13345,23,8,4074.47,1319.06,4,3,4,11,Champions
DM-13525,482,3,1376.79,199.77,1,1,2,4,At Risk
DN-13690,218,7,2139.79,540.54,1,3,2,6,Potential
DO-13435,134,9,1300.03,-38.91,2,4,2,8,Loyal
DO-13645,27,7,1267.32,294.07,4,3,2,9,Loyal
DP-13000,127,9,1050.64,241.45,2,4,1,7,Potential
DP-13105,7,8,2215.0,563.18,4,3,2,9,Loyal
DP-13165,812,2,1058.62,-40.94,1,1,1,3,Lost
DP-13390,359,9,5480.72,1571.83,1,4,4,9,Loyal
DR-12880,4,9,6528.03,1641.86,4,4,4,12,Champions
DR-12940,51,8,8350.87,2869.08,3,3,4,10,Champions
DS-13030,94,4,1762.21,193.33,2,1,2,5,At Risk
DS-13180,24,9,2881.81,163.7,4,4,3,11,Champions
DV-13045,20,5,1119.48,-427.18,4,2,1,7,Potential
DV-13465,30,6,3341.59,353.21,4,2,3,9,Loyal
DW-13195,70,6,1080.75,-86.87,3,2,1,6,Potential
DW-13480,218,5,5271.63,1348.76,1,2,4,7,Potential
DW-13540,99,5,344.08,69.67,2,2,1,5,At Risk
DW-13585,243,7,1204.85,-266.9,1,3,2,6,Potential
Dl-13600,120,5,755.6,175.24,2,2,1,5,At Risk
Dp-13240,85,11,7198.76,333.36,2,4,4,10,Champions
EA-14035,153,13,2846.7,-52.74,2,4,3,9,Loyal
EB-13705,49,9,3644.98,13.62,3,4,3,10,Champions
EB-13750,36,10,3236.31,-80.29,3,4,3,10,Champions
EB-13840,91,5,4358.13,656.2,2,2,4,8,Loyal
EB-13870,101,10,2767.22,261.53,2,4,3,9,Loyal
EB-13930,162,5,944.6,0.6,2,2,1,5,At Risk
EB-13975,1,4,1643.26,162.88,4,1,2,7,Potential
EB-14110,114,6,3071.13,184.77,2,2,3,7,Potential
EB-14170,83,6,1186.33,282.17,2,2,2,6,Potential
EC-14050,54,5,461.91,96.43,3,2,1,6,Potential
ED-13885,136,8,3484.92,670.44,2,3,3,8,Loyal
EG-13900,23,5,1832.02,104.27,4,2,2,8,Loyal
EH-13765,136,12,10310.88,1393.52,2,4,4,10,Champions
EH-13945,218,8,684.17,53.54,1,3,1,5,At Risk
EH-13990,406,6,825.95,150.38,1,2,1,4,At Risk
EH-14005,3,7,1219.53,-94.14,4,3,2,9,Loyal
EH-14125,153,10,3082.65,96.27,2,4,3,9,Loyal
EH-14185,106,6,923.88,242.11,2,2,1,5,At Risk
EJ-13720,303,4,2162.17,387.02,1,1,2,4,At Risk
EJ-14155,58,5,2656.69,451.88,3,2,3,8,Loyal
EK-13795,45,4,1303.48,97.11,3,1,2,6,Potential
EL-13735,78,2,124.28,27.12,2,1,1,4,At Risk
EM-13810,133,5,2567.01,-133.83,2,2,3,7,Potential
EM-13825,56,8,2339.6,682.55,3,3,3,9,Loyal
EM-13960,152,5,933.7,102.3,2,2,1,5,At Risk
EM-14065,48,4,228.99,40.15,3,1,1,5,At Risk
EM-14095,114,4,1041.04,240.24,2,1,1,4,At Risk
EM-14140,49,6,4588.44,1319.37,3,2,4,9,Loyal
EM-14200,159,3,366.82,21.77,2,1,1,4,At Risk
EN-13780,288,4,2199.37,496.11,1,1,2,4,At Risk
EP-13915,13,17,5478.06,144.96,4,4,4,12,Champions
ER-13855,422,3,1245.79,-295.74,1,1,2,4,At Risk
ES-14020,41,5,3510.46,1003.29,3,2,3,8,Loyal
ES-14080,29,9,4657.92,246.67,4,4,4,12,Champions
FA-14230,98,7,2984.05,520.52,2,3,3,8,Loyal
FC-14245,71,7,3418.74,1217.17,3,3,3,9,Loyal
FC-14335,185,7,3889.37,714.29,1,3,4,8,Loyal
FG-14260,35,7,1383.14,394.74,3,3,2,8,Loyal
FH-14275,38,10,4256.27,1073.27,3,4,4,11,Champions
FH-14350,213,4,2271.28,706.29,1,1,3,5,At Risk
FH-14365,6,8,6987.2,2050.28,4,3,4,11,Champions
FM-14215,8,10,2456.64,249.68,4,4,3,11,Champions
FM-14290,37,9,3736.2,198.11,3,4,3,10,Champions
FM-14380,146,9,2523.27,191.49,2,4,3,9,Loyal
FO-14305,39,10,2678.44,215.6,3,4,3,10,Champions
FP-14320,24,8,4046.75,406.45,4,3,4,11,Champions
FW-14395,363,3,79.75,23.49,1,1,1,3,Lost
GA-14515,150,8,3919.78,840.9,2,3,4,9,Loyal
GA-14725,6,11,1398.38,136.71,4,4,2,10,Champions
GB-14530,63,11,1568.44,7.84,3,4,2,9,Loyal
GB-14575,14,5,4716.29,1135.84,4,2,4,10,Champions
GD-14590,6,4,1888.07,230.94,4,1,2,7,Potential
GG-14650,44,9,2224.0,12.7,3,4,2,9,Loyal
GH-14410,76,9,2819.47,-576.83,3,4,3,10,Champions
GH-14425,51,4,4172.85,1176.42,3,1,4,8,Loyal
GH-14485,388,2,1361.24,-95.45,1,1,2,4,At Risk
GH-14665,3,2,146.94,-5.81,4,1,1,6,Potential
GK-14620,113,9,6497.27,1448.55,2,4,4,10,Champions
GM-14440,84,7,3582.82,347.27,2,3,3,8,Loyal
GM-14455,17,6,3078.62,793.28,4,2,3,9,Loyal
GM-14500,107,10,1255.68,441.32,2,4,2,8,Loyal
GM-14680,153,6,3163.63,35.49,2,2,3,7,Potential
GM-14695,118,3,6049.97,188.72,2,1,4,7,Potential
GP-14740,765,2,236.53,31.84,1,1,1,3,Lost
GR-14560,1136,2,1284.38,359.83,1,1,2,4,At Risk
GT-14635,57,3,9351.21,-4108.66,3,1,4,8,Loyal
GT-14710,37,11,11820.12,2163.43,3,4,4,11,Champions
GT-14755,35,4,226.44,-6.14,3,1,1,5,At Risk
GW-14605,29,7,2189.02,-268.54,4,3,2,9,Loyal
GZ-14470,8,9,4355.15,1087.75,4,4,4,12,Champions
GZ-14545,158,4,2454.62,828.66,2,1,3,6,Potential
HA-14905,70,7,2163.3,270.86,3,3,2,8,Loyal
HA-14920,21,8,2584.16,99.14,4,3,3,10,Champions
HD-14785,769,3,251.36,-135.88,1,1,1,3,Lost
HE-14800,13,4,883.53,274.4,4,1,1,6,Potential
HF-14995,22,7,2533.16,-13.88,4,3,3,10,Champions
HG-14845,55,5,785.63,147.0,3,2,1,6,Potential
HG-14965,24,12,3247.64,-2797.96,4,4,3,11,Champions
HG-15025,7,7,3690.28,804.61,4,3,3,10,Champions
HH-15010,73,2,218.67,86.73,3,1,1,5,At Risk
HJ-14875,127,5,358.1,98.65,2,2,1,5,At Risk
HK-14890,152,8,4877.78,956.95,2,3,4,9,Loyal
HL-15040,44,6,12873.3,5622.43,3,2,4,9,Loyal
HM-14860,3,10,8236.76,2437.98,4,4,4,12,Champions
HM-14980,248,4,736.28,117.28,1,1,1,3,Lost
HP-14815,31,7,1990.31,373.86,3,3,2,8,Loyal
HR-14770,14,5,1299.29,185.58,4,2,2,8,Loyal
HR-14830,160,7,5248.79,1196.95,2,3,4,9,Loyal
HW-14935,118,8,9300.25,2164.16,2,3,4,9,Loyal
HZ-14950,36,5,886.52,-130.39,3,2,1,6,Potential
IG-15085,72,4,744.57,320.5,3,1,1,5,At Risk
IL-15100,143,7,5040.74,1121.94,2,3,4,9,Loyal
IM-15055,410,3,2872.63,975.77,1,1,3,5,At Risk
IM-15070,391,7,4930.47,514.65,1,3,4,8,Loyal
JA-15970,93,8,6491.03,-819.42,2,3,4,9,Loyal
JB-15400,8,10,1791.6,156.05,4,4,2,10,Champions
JB-15925,737,3,900.55,-286.98,1,1,1,3,Lost
JB-16000,44,7,644.12,126.76,3,3,1,7,Potential
JB-16045,8,5,2518.11,201.52,4,2,3,9,Loyal
JC-15340,115,4,71.26,-0.36,2,1,1,4,At Risk
JC-15385,176,1,1058.11,502.92,2,1,1,4,At Risk
JC-15775,159,9,2772.06,279.57,2,4,3,9,Loyal
JC-16105,58,5,858.58,201.6,3,2,1,6,Potential
JD-15790,118,5,2152.35,-266.55,2,2,2,6,Potential
JD-15895,395,11,7610.86,1050.27,1,4,4,9,Loyal
JD-16015,113,6,385.43,26.76,2,2,1,5,At Risk
JD-16060,301,3,695.44,111.11,1,1,1,3,Lost
JD-16150,42,8,8828.03,1619.52,3,3,4,10,Champions
JE-15475,194,6,1388.68,276.22,1,2,2,5,At Risk
JE-15610,49,7,7754.98,1623.4,3,3,4,10,Champions
JE-15715,47,10,8697.84,1262.29,3,4,4,11,Champions
JE-15745,52,13,6760.82,221.8,3,4,4,11,Champions
JE-16165,21,3,2697.25,789.65,4,1,3,8,Loyal
JF-15190,66,7,2279.59,575.13,3,3,3,9,Loyal
JF-15295,226,5,955.12,97.29,1,2,1,4,At Risk
JF-15355,106,6,1911.84,330.2,2,2,2,6,Potential
JF-15415,3,6,2371.45,635.64,4,2,3,9,Loyal
JF-15490,122,11,1082.92,-18.07,2,4,1,7,Potential
JF-15565,55,8,4198.33,1073.21,3,3,4,10,Champions
JG-15115,758,3,2358.68,684.19,1,1,3,5,At Risk
JG-15160,2,11,6366.39,1415.67,4,4,4,12,Champions
JG-15310,3,6,2240.58,3.8,4,2,2,8,Loyal
JG-15805,224,6,1507.02,206.1,1,2,2,5,At Risk
JH-15430,6,4,309.28,-24.08,4,1,1,6,Potential
JH-15820,175,6,528.91,26.08,2,2,1,5,At Risk
JH-15910,42,7,959.48,-13.55,3,3,1,7,Potential
JH-15985,30,6,7955.0,-644.7,4,2,4,10,Champions
JH-16180,405,4,2256.39,-96.95,1,1,2,4,At Risk
JJ-15445,484,5,709.18,200.56,1,2,1,4,At Risk
JJ-15760,753,2,195.0,34.45,1,1,1,3,Lost
JK-15205,62,5,4427.14,1219.98,3,2,4,9,Loyal
JK-15325,288,3,383.81,55.33,1,1,1,3,Lost
JK-15370,45,8,2709.63,330.28,3,3,3,9,Loyal
JK-15625,62,7,3760.03,750.95,3,3,3,9,Loyal
JK-15640,181,9,4760.43,1172.53,2,4,4,10,Champions
JK-15730,85,10,4867.2,55.05,2,4,4,10,Champions
JK-16090,29,3,3747.67,586.66,4,1,3,8,Loyal
JK-16120,118,10,2932.48,122.66,2,4,3,9,Loyal
JL-15130,9,6,1214.96,-207.8,4,2,2,8,Loyal
JL-15175,7,5,1571.52,209.28,4,2,2,8,Loyal
JL-15235,120,5,2203.7,54.52,2,2,2,6,Potential
JL-15505,50,6,3173.87,591.72,3,2,3,8,Loyal
JL-15835,22,11,9799.92,228.91,4,4,4,12,Champions
JL-15850,615,6,2725.26,779.9,1,2,3,6,Potential
JM-15250,38,6,3159.12,19.82,3,2,3,8,Loyal
JM-15265,38,5,1804.15,502.61,3,2,2,7,Potential
JM-15535,103,7,1733.44,356.54,2,3,2,7,Potential
JM-15580,1,5,303.95,113.12,4,2,1,7,Potential
JM-15655,9,5,864.95,117.2,4,2,1,7,Potential
JM-15865,110,7,7625.08,1574.62,2,3,4,9,Loyal
JM-16195,58,10,2833.93,754.11,3,4,3,10,Champions
JO-15145,58,9,3254.95,581.4,3,4,3,10,Champions
JO-15280,93,6,1934.27,202.14,2,2,2,6,Potential
JO-15550,216,5,1090.84,167.67,1,2,1,4,At Risk
JP-15460,38,7,1669.14,429.75,3,3,2,8,Loyal
JP-15520,9,7,3635.59,757.18,4,3,3,10,Champions
JP-16135,103,9,1707.71,309.71,2,4,2,8,Loyal
JR-15670,594,2,1156.66,-785.16,1,1,2,4,At Risk
JR-15700,69,1,863.88,107.98,3,1,1,5,At Risk
JR-16210,34,5,2201.69,452.37,3,2,2,7,Potential
JS-15595,120,4,1417.65,-175.55,2,1,2,5,At Risk
JS-15685,43,4,1131.06,-54.87,3,1,1,5,At Risk
JS-15880,535,5,3868.02,564.98,1,2,4,7,Potential
JS-15940,464,5,469.17,-327.93,1,2,1,4,At Risk
JS-16030,29,6,2516.49,-311.26,4,2,3,9,Loyal
JW-15220,43,6,7721.71,2173.71,3,2,4,9,Loyal
JW-15955,6,7,1244.09,-29.58,4,3,2,9,Loyal
JW-16075,462,4,1428.73,154.06,1,1,2,4,At Risk
KA-16525,37,7,1519.51,234.92,3,3,2,8,Loyal
KB-16240,5,7,3152.62,763.91,4,3,3,10,Champions
KB-16315,297,9,1569.46,49.72,1,4,2,7,Potential
KB-16405,118,3,908.82,274.3,2,1,1,4,At Risk
KB-16585,231,12,2744.74,579.36,1,4,3,8,Loyal
KB-16600,2,7,983.92,293.55,4,3,1,8,Loyal
KC-16255,408,6,2120.95,846.12,1,2,2,5,At Risk
KC-16540,98,4,3908.26,709.42,2,1,4,7,Potential
KC-16675,58,4,1146.05,156.78,3,1,1,5,At Risk
KD-16270,485,5,8282.36,1107.7,1,2,4,7,Potential
KD-16345,42,6,1888.96,328.59,3,2,2,7,Potential
KD-16495,113,12,8181.26,3038.63,2,4,4,10,Champions
KD-16615,290,5,2243.51,539.72,1,2,2,5,At Risk
KE-16420,27,8,1686.73,397.88,4,3,2,9,Loyal
KF-16285,98,7,10604.27,1660.14,2,3,4,9,Loyal
KH-16330,41,8,3312.86,454.79,3,3,3,9,Loyal
KH-16360,2,6,3100.61,528.21,4,2,3,9,Loyal
KH-16510,23,7,5952.86,656.12,4,3,4,11,Champions
KH-16630,59,9,3918.97,727.38,3,4,4,11,Champions
KH-16690,3,7,5990.8,1227.51,4,3,4,11,Champions
KL-16555,17,8,5016.49,-182.78,4,4,4,12,Champions
KL-16645,48,12,14175.23,806.86,3,4,4,11,Champions
KM-16225,15,6,2260.96,635.11,4,2,3,9,Loyal
KM-16375,57,8,5620.19,973.79,3,4,4,11,Champions
KM-16660,16,5,453.54,91.14,4,2,1,7,Potential
KM-16720,29,8,4909.47,745.77,4,4,4,12,Champions
KN-16390,20,9,2617.27,-151.15,4,4,3,11,Champions
KN-16450,53,5,2171.96,114.31,3,2,2,7,Potential
KN-16705,99,8,2280.58,329.76,2,4,3,9,Loyal
KS-16300,296,3,88.47,0.11,1,1,1,3,Lost
KT-16465,392,7,3057.1,254.0,1,3,3,7,Potential
KT-16480,101,10,4642.09,194.07,2,4,4,10,Champions
KW-16435,97,5,4416.52,1756.14,2,2,4,8,Loyal
KW-16570,771,4,449.1,107.93,1,1,1,3,Lost
LA-16780,155,11,8673.22,2059.12,2,4,4,10,Champions
LB-16735,49,3,50.19,18.65,3,1,1,5,At Risk
LB-16795,153,8,4985.68,-52.19,2,4,4,10,Champions
LC-16870,28,8,2580.7,-188.25,4,4,3,11,Champions
LC-16885,17,12,7663.13,1288.35,4,4,4,12,Champions
LC-16930,42,8,4492.95,288.27,3,4,4,11,Champions
LC-16960,437,4,3246.63,299.48,1,1,3,5,At Risk
LC-17050,55,5,2095.06,86.78,3,2,2,7,Potential
LC-17140,14,9,2633.58,231.13,4,4,3,11,Champions
LD-16855,553,1,5.3,0.46,1,1,1,3,Lost
LD-17005,415,4,1961.93,557.17,1,1,2,4,At Risk
LE-16810,22,6,1469.45,161.76,4,2,2,8,Loyal
LF-17185,23,7,3930.51,-3583.98,4,3,4,11,Champions
LH-16750,152,3,287.43,12.63,2,1,1,4,At Risk
LH-16900,22,9,2295.33,526.07,4,4,3,11,Champions
LH-17020,240,4,318.24,-242.74,1,1,1,3,Lost
LH-17155,386,9,1739.69,316.52,1,4,2,7,Potential
LL-16840,250,6,2741.2,560.01,1,2,3,6,Potential
LM-17065,392,5,1346.77,-44.88,1,2,2,5,At Risk
LO-17170,3,5,644.35,150.17,4,2,1,7,Potential
LP-17080,41,4,756.61,110.78,3,1,1,5,At Risk
LP-17095,10,7,3653.4,338.45,4,3,3,10,Champions
LR-16915,27,6,5142.89,535.48,4,2,4,10,Champions
LR-17035,133,5,1879.31,-382.81,2,2,2,6,Potential
LS-16945,179,6,2845.27,-318.77,2,2,3,7,Potential
LS-16975,21,9,2988.67,262.64,4,4,3,11,Champions
LS-17200,97,6,1010.26,244.2,2,2,1,5,At Risk
LS-17230,777,3,368.88,39.2,1,1,1,3,Lost
LS-17245,35,6,1008.14,348.36,3,2,1,6,Potential
LT-16765,27,3,329.88,59.04,4,1,1,6,Potential
LT-17110,35,8,2936.25,320.97,3,4,3,10,Champions
LW-16825,89,5,2238.06,32.58,2,2,2,6,Potential
LW-16990,34,6,3230.31,662.83,3,2,3,8,Loyal
LW-17125,206,3,1259.04,192.63,1,1,2,4,At Risk
LW-17215,22,7,5420.51,837.24,4,3,4,11,Champions
MA-17560,65,11,4299.16,1240.23,3,4,4,11,Champions
MA-17995,187,6,2453.28,280.78,1,2,3,6,Potential
MB-17305,49,10,1548.7,212.42,3,4,2,9,Loyal
MB-18085,45,7,1428.23,117.81,3,3,2,8,Loyal
MC-17275,77,8,2725.98,461.0,2,4,3,9,Loyal
MC-17425,400,5,4432.14,1802.39,1,2,4,7,Potential
MC-17575,28,8,1303.89,210.75,4,4,2,10,Champions
MC-17590,52,6,2426.07,288.98,3,3,3,9,Loyal
MC-17605,113,8,2258.19,195.45,2,4,3,9,Loyal
MC-17635,190,4,795.15,-247.94,1,1,1,3,Lost
MC-17845,2,7,3805.71,698.42,4,3,4,11,Champions
MC-18100,42,10,2218.98,-64.17,3,4,2,9,Loyal
MC-18130,370,5,1582.0,121.76,1,2,2,5,At Risk
MD-17350,118,7,3766.38,-241.95,2,3,3,8,Loyal
MD-17860,37,5,1204.91,-4.04,3,2,2,7,Potential
ME-17320,43,10,10663.73,1859.47,3,4,4,11,Champions
ME-17725,29,8,1908.45,77.81,4,4,2,10,Champions
ME-18010,93,4,1256.94,107.36,2,1,2,5,At Risk
MF-17665,422,5,937.04,-341.53,1,2,1,4,At Risk
MF-18250,8,5,1758.3,456.86,4,2,2,8,Loyal
MG-17650,30,7,3785.28,341.9,4,3,3,10,Champions
MG-17680,93,4,2350.19,25.89,2,1,3,6,Potential
MG-17695,556,3,1342.28,-398.79,1,1,2,4,At Risk
MG-17875,117,5,1242.83,-470.77,2,2,2,6,Potential
MG-17890,100,9,776.38,171.74,2,4,1,7,Potential
MG-18145,85,4,3061.54,-93.6,2,1,3,6,Potential
MG-18205,265,1,16.74,-1.25,1,1,1,3,Lost
MH-17290,120,6,2394.02,28.76,2,3,3,8,Loyal
MH-17440,377,4,400.02,61.43,1,1,1,3,Lost
MH-17455,86,8,2456.18,484.77,2,4,3,9,Loyal
MH-17620,156,4,1252.8,122.36,2,1,2,5,At Risk
MH-17785,99,7,2203.78,238.56,2,3,2,7,Potential
MH-18025,50,5,2984.95,476.9,3,2,3,8,Loyal
MH-18115,6,9,5503.09,170.97,4,4,4,12,Champions
MJ-17740,23,7,6320.75,1054.55,4,3,4,11,Champions
MK-17905,29,8,2302.37,-405.36,4,4,3,11,Champions
MK-18160,241,4,1031.6,227.83,1,1,1,3,Lost
ML-17395,70,9,2722.84,684.92,3,4,3,10,Champions
ML-17410,55,6,2921.5,-76.18,3,3,3,9,Loyal
ML-17755,30,7,2071.91,409.51,4,3,2,9,Loyal
ML-18040,80,3,742.08,138.72,2,1,1,4,At Risk
ML-18265,101,2,162.23,42.66,2,1,1,4,At Risk
MM-17260,169,4,1314.02,178.4,2,1,2,5,At Risk
MM-17920,8,11,3794.08,82.12,4,4,4,12,Champions
MM-18055,62,8,2749.88,-520.34,3,4,3,10,Champions
MM-18280,86,9,775.41,58.89,2,4,1,7,Potential
MN-17935,35,6,2477.95,290.82,3,3,3,9,Loyal
MO-17500,73,4,922.49,59.36,3,1,1,5,At Risk
MO-17800,105,8,1687.03,169.34,2,4,2,8,Loyal
MO-17950,181,2,154.29,-82.01,2,1,1,4,At Risk
MP-17470,719,7,3206.13,600.29,1,3,3,7,Potential
MP-17965,73,9,3983.64,638.16,3,4,4,11,Champions
MP-18175,17,9,5087.92,226.45,4,4,4,12,Champions
MR-17545,126,4,639.18,162.94,2,1,1,4,At Risk
MS-17365,274,10,7443.69,844.94,1,4,4,9,Loyal
MS-17530,435,4,475.66,84.03,1,1,1,3,Lost
MS-17710,414,6,1613.4,247.43,1,3,2,6,Potential
MS-17770,122,9,3144.68,280.86,2,4,3,9,Loyal
MS-17830,453,4,370.35,19.43,1,1,1,3,Lost
MS-17980,27,6,855.12,55.23,4,3,1,8,Loyal
MT-17815,50,6,2890.14,509.01,3,3,3,9,Loyal
MT-18070,204,4,1319.45,-23.68,1,1,2,4,At Risk
MV-17485,28,9,1560.05,189.03,4,4,2,10,Champions
MV-18190,20,7,1734.57,273.86,4,3,2,9,Loyal
MW-18220,18,7,5341.9,1238.42,4,3,4,11,Champions
MW-18235,45,2,5253.88,1665.52,3,1,4,8,Loyal
MY-17380,30,7,2254.28,319.12,4,3,2,9,Loyal
MY-18295,72,11,4152.7,-371.71,3,4,4,11,Champions
MZ-17335,31,4,593.61,85.02,3,1,1,5,At Risk
MZ-17515,283,6,2564.91,787.75,1,3,3,7,Potential
NB-18580,1166,2,273.87,24.79,1,1,1,3,Lost
NB-18655,20,9,1972.6,117.64,4,4,2,10,Champions
NC-18340,225,5,2461.4,580.31,1,2,3,6,Potential
NC-18415,42,6,2218.99,-2204.81,3,3,2,8,Loyal
NC-18535,7,7,8241.74,1314.76,4,3,4,11,Champions
NC-18625,205,5,1821.74,-359.02,1,2,2,5,At Risk
ND-18370,28,9,4326.14,353.65,4,4,4,12,Champions
ND-18460,184,6,2893.46,443.34,1,3,3,7,Potential
NF-18385,80,7,8322.83,-1695.97,2,3,4,9,Loyal
NF-18475,526,4,377.16,85.93,1,1,1,3,Lost
NF-18595,115,7,2031.47,388.21,2,3,2,7,Potential
NG-18355,49,5,1869.58,313.63,3,2,2,7,Potential
NG-18430,49,5,1395.94,217.09,3,2,2,7,Potential
NH-18610,190,7,2673.29,760.17,1,3,3,7,Potential
NK-18490,71,7,572.05,121.22,3,3,1,7,Potential
NL-18310,59,4,1418.09,343.64,3,1,2,6,Potential
NM-18445,161,7,6459.34,2751.68,2,3,4,9,Loyal
NM-18520,245,10,2161.98,788.95,1,4,2,7,Potential
NP-18325,26,6,5529.62,1208.89,4,3,4,11,Champions
NP-18670,59,5,3908.4,514.6,3,2,4,9,Loyal
NP-18685,407,6,1228.7,514.5,1,3,2,6,Potential
NP-18700,139,7,7903.18,631.23,2,3,4,9,Loyal
NR-18550,211,5,2367.28,-25.15,1,2,3,6,Potential
NS-18505,7,4,2575.86,-12.3,4,1,3,8,Loyal
NS-18640,175,13,2964.82,-234.77,2,4,3,9,Loyal
NW-18400,173,7,7234.01,1023.12,2,3,4,9,Loyal
NZ-18565,86,9,2488.31,402.42,2,4,3,9,Loyal
ON-18715,411,9,1567.52,-5.89,1,4,2,7,Potential
OT-18730,66,5,3818.62,-925.12,3,2,4,9,Loyal
PA-19060,104,6,729.41,225.86,2,3,1,6,Potential
PB-18805,26,3,740.36,229.23,4,1,1,6,Potential
PB-19105,58,4,688.32,218.16,3,1,1,5,At Risk
PB-19150,98,8,1456.95,280.66,2,4,2,8,Loyal
PB-19210,688,2,132.74,21.9,1,1,1,3,Lost
PC-18745,3,4,1832.06,272.68,4,1,2,7,Potential
PC-19000,882,2,1061.49,-184.34,1,1,1,3,Lost
PF-19120,835,4,9062.86,-614.29,1,1,4,6,Potential
PF-19165,197,6,2770.0,196.87,1,3,3,7,Potential
PF-19225,115,5,2206.13,591.31,2,2,2,6,Potential
PG-18820,37,13,3086.91,137.46,3,4,3,10,Champions
PG-18895,58,9,1987.16,334.52,3,4,2,9,Loyal
PH-18790,71,1,729.65,47.89,3,1,1,5,At Risk
PJ-18835,40,8,1220.09,442.14,3,4,2,9,Loyal
PJ-19015,135,7,1824.23,683.0,2,3,2,7,Potential
PK-18910,484,2,1441.15,-798.7,1,1,2,4,At Risk
PK-19075,10,12,8646.93,2038.27,4,4,4,12,Champions
PL-18925,16,5,239.48,-0.75,4,2,1,7,Potential
PM-18940,387,3,1405.4,157.88,1,1,2,4,At Risk
PM-19135,52,4,4115.66,526.75,3,1,4,8,Loyal
PN-18775,31,8,1467.15,192.04,3,4,2,9,Loyal
PO-18850,5,11,7473.83,38.48,4,4,4,12,Champions
PO-18865,1,7,2493.21,437.85,4,3,3,10,Champions
PO-19180,161,9,4893.04,1155.43,2,4,4,10,Champions
PO-19195,87,5,1056.86,-49.7,2,2,1,5,At Risk
PP-18955,98,10,7252.61,1495.09,2,4,4,10,Champions
PR-18880,37,5,1840.18,247.62,3,2,2,7,Potential
PS-18760,108,6,2181.48,-134.44,2,3,2,7,Potential
PS-18970,70,8,1278.64,198.51,3,4,2,9,Loyal
PS-19045,237,7,6843.63,1742.73,1,3,4,8,Loyal
PT-19090,72,4,160.57,-20.05,3,1,1,5,At Risk
PV-18985,90,5,2876.05,434.53,2,2,3,7,Potential
PW-19030,47,10,3454.92,803.82,3,4,3,10,Champions
PW-19240,465,7,3922.42,1290.35,1,3,4,8,Loyal
QJ-19255,26,9,6108.34,1203.68,4,4,4,12,Champions
RA-19285,6,9,2617.91,546.09,4,4,3,11,Champions
RA-19885,44,7,3832.31,1292.87,3,3,4,10,Champions
RA-19915,13,9,4793.54,304.87,4,4,4,12,Champions
RA-19945,62,5,1686.92,-445.7,3,2,2,7,Potential
RB-19330,69,2,1008.2,-164.41,3,1,1,5,At Risk
RB-19360,97,6,15117.34,6976.1,2,3,4,9,Loyal
RB-19435,20,8,2663.09,477.24,4,4,3,11,Champions
RB-19465,10,12,4715.47,640.55,4,4,4,12,Champions
RB-19570,26,5,528.55,76.89,4,2,1,7,Potential
RB-19645,649,5,221.08,72.68,1,2,1,4,At Risk
RB-19705,55,4,2067.45,243.08,3,1,2,6,Potential
RB-19795,33,8,5633.32,-461.73,3,4,4,11,Champions
RC-19825,370,6,966.41,63.99,1,3,1,5,At Risk
RC-19960,111,6,885.75,10.56,2,3,1,6,Potential
RD-19480,73,8,4272.93,480.59,3,4,4,11,Champions
RD-19585,181,10,2912.89,734.52,2,4,3,9,Loyal
RD-19660,115,5,2786.63,835.77,2,2,3,7,Potential
RD-19720,22,10,1419.74,207.33,4,4,2,10,Champions
RD-19810,15,8,1137.62,318.46,4,4,1,9,Loyal
RD-19900,115,9,3133.92,455.53,2,4,3,9,Loyal
RD-19930,43,4,970.94,35.06,3,1,1,5,At Risk
RE-19405,1098,1,48.36,6.04,1,1,1,3,Lost
RE-19450,303,5,876.7,209.23,1,2,1,4,At Risk
RF-19345,391,8,3309.15,633.71,1,4,3,8,Loyal
RF-19735,90,7,2341.3,711.62,2,3,3,8,Loyal
RF-19840,7,8,945.22,280.03,4,4,1,9,Loyal
RH-19495,33,5,3621.38,563.79,3,2,3,8,Loyal
RH-19510,468,6,6979.18,1289.45,1,3,4,8,Loyal
RH-19555,520,2,740.38,0.31,1,1,1,3,Lost
RH-19600,535,3,2085.74,172.63,1,1,2,4,At Risk
RK-19300,120,3,1460.19,269.69,2,1,2,5,At Risk
RL-19615,122,8,6234.91,488.15,2,4,4,10,Champions
RM-19375,346,6,1453.47,392.15,1,3,2,6,Potential
RM-19675,7,5,5979.1,1902.54,4,2,4,10,Champions
RM-19750,300,1,98.35,28.69,1,1,1,3,Lost
RO-19780,36,7,3815.48,-1262.57,3,3,4,10,Champions
RP-19270,497,4,954.65,59.54,1,1,1,3,Lost
RP-19390,34,12,5153.08,465.25,3,4,4,11,Champions
RP-19855,29,8,2170.72,594.59,4,4,2,10,Champions
RR-19315,20,2,615.93,-73.83,4,1,1,6,Potential
RR-19525,171,6,3302.26,721.68,2,3,3,8,Loyal
RS-19420,77,5,3221.29,633.45,2,2,3,7,Potential
RS-19765,37,8,4159.77,1206.39,3,4,4,11,Champions
RS-19870,20,2,22.33,9.58,4,1,1,6,Potential
RW-19540,121,7,7397.4,1586.63,2,3,4,9,Loyal
RW-19630,90,9,3279.75,698.83,2,4,3,9,Loyal
RW-19690,80,5,3495.65,707.55,2,2,3,7,Potential
SA-20830,64,10,4767.34,610.15,3,4,4,11,Champions
SB-20170,202,3,1348.02,157.67,1,1,2,4,At Risk
SB-20185,189,6,6411.0,885.46,1,3,4,8,Loyal
SB-20290,48,7,8057.89,-2082.75,3,3,4,10,Champions
SC-20020,781,5,3362.96,-317.05,1,2,3,6,Potential
SC-20050,41,9,4624.57,1011.74,3,4,4,11,Champions
SC-20095,350,9,14142.33,5757.41,1,4,4,9,Loyal
SC-20230,150,4,4371.96,440.14,2,1,4,7,Potential
SC-20260,188,8,3729.79,671.0,1,4,3,8,Loyal
SC-20305,30,7,3979.06,229.16,4,3,4,11,Champions
SC-20380,31,9,5992.54,236.66,3,4,4,11,Champions
SC-20440,37,7,1875.0,379.56,3,3,2,8,Loyal
SC-20575,93,5,902.73,100.23,2,2,1,5,At Risk
SC-20680,127,6,1254.64,370.16,2,3,2,7,Potential
SC-20695,90,10,2576.41,611.83,2,4,3,9,Loyal
SC-20725,188,11,5226.21,1276.65,1,4,4,9,Loyal
SC-20770,42,7,4492.66,-671.19,3,3,4,10,Champions
SC-20800,31,4,279.26,51.83,3,1,1,5,At Risk
SC-20845,132,2,280.63,31.18,2,1,1,4,At Risk
SD-20485,201,9,6121.11,1985.17,1,4,4,9,Loyal
SE-20110,10,11,12209.44,2650.68,4,4,4,12,Champions
SF-20065,60,7,763.55,228.16,3,3,1,7,Potential
SF-20200,60,9,3422.79,286.9,3,4,3,10,Champions
SF-20965,49,9,3336.54,539.94,3,4,3,10,Champions
SG-20080,9,3,3406.58,570.44,4,1,3,8,Loyal
SG-20470,184,8,1884.8,-119.01,1,4,2,7,Potential
SG-20605,109,6,3124.83,463.27,2,3,3,8,Loyal
SG-20890,227,3,47.95,-3.71,1,1,1,3,Lost
SH-19975,30,13,3406.84,558.47,4,4,3,11,Champions
SH-20395,24,10,2180.72,-144.52,4,4,2,10,Champions
SH-20635,765,2,2096.39,260.63,1,1,2,4,At Risk
SJ-20125,96,12,3949.66,144.12,2,4,4,10,Champions
SJ-20215,30,6,1341.04,-23.51,4,3,2,9,Loyal
SJ-20500,254,5,1318.78,68.1,1,2,2,5,At Risk
SK-19990,9,3,883.41,168.79,4,1,1,6,Potential
SL-20155,71,7,3053.01,527.97,3,3,3,9,Loyal
SM-20005,422,4,244.49,-26.59,1,1,1,3,Lost
SM-20320,80,5,25043.05,-1980.74,2,2,4,8,Loyal
SM-20905,607,1,1043.04,-237.29,1,1,1,3,Lost
SM-20950,26,12,5563.39,581.57,4,4,4,12,Champions
SN-20560,112,6,1860.42,-716.86,2,3,2,7,Potential
SN-20710,80,7,3127.96,481.75,2,3,3,8,Loyal
SO-20335,30,6,2602.58,-81.09,4,3,3,10,Champions
SP-20545,328,6,1306.09,-118.78,1,3,2,6,Potential
SP-20620,48,9,5440.32,-270.43,3,4,4,11,Champions
SP-20650,387,9,1872.44,268.48,1,4,2,7,Potential
SP-20860,80,10,4282.94,566.72,2,4,4,10,Champions
SP-20920,71,6,3990.69,14.69,3,3,4,10,Champions
SR-20425,9,5,3233.48,-3333.91,4,2,3,9,Loyal
SR-20740,197,8,4345.89,1990.42,1,4,4,9,Loyal
SS-20140,16,8,1324.03,332.35,4,4,2,10,Champions
SS-20410,111,6,3056.81,-1010.97,2,3,3,8,Loyal
SS-20515,492,3,613.4,199.93,1,1,1,3,Lost
SS-20590,433,6,418.49,135.54,1,3,1,5,At Risk
SS-20875,121,5,964.64,-75.59,2,2,1,5,At Risk
ST-20530,126,7,433.34,84.44,2,3,1,6,Potential
SU-20665,21,7,2595.36,763.47,4,3,3,10,Champions
SV-20365,102,10,11470.95,1199.42,2,4,4,10,Champions
SV-20785,321,9,4105.3,485.03,1,4,4,9,Loyal
SV-20815,77,4,1271.09,199.65,2,1,2,5,At Risk
SV-20935,3,8,1903.49,106.89,4,4,2,10,Champions
SW-20245,82,7,1085.08,-19.61,2,3,1,6,Potential
SW-20275,31,6,1966.65,332.87,4,3,2,9,Loyal
SW-20350,163,3,1019.04,95.84,2,1,1,4,At Risk
SW-20455,163,7,2921.54,793.65,2,3,3,8,Loyal
SW-20755,535,2,758.7,68.24,1,1,1,3,Lost
SZ-20035,36,11,3625.33,366.43,3,4,3,10,Champions
TA-21385,70,4,14595.62,4703.79,3,1,4,8,Loyal
TB-21055,120,5,1467.88,390.21,2,2,2,6,Potential
TB-21175,59,4,3589.3,829.16,3,1,3,7,Potential
TB-21190,50,4,816.17,179.0,3,1,1,5,At Risk
TB-21250,350,7,1602.38,260.62,1,3,2,6,Potential
TB-21280,584,6,2198.45,490.96,1,3,2,6,Potential
TB-21355,147,5,834.33,268.97,2,2,1,5,At Risk
TB-21400,203,7,9133.99,2798.37,1,3,4,8,Loyal
TB-21520,108,9,4737.49,-1603.05,2,4,4,10,Champions
TB-21595,286,5,1387.56,-136.41,1,2,2,5,At Risk
TB-21625,31,9,2797.67,379.88,4,4,3,11,Champions
TC-20980,400,5,19052.22,8981.32,1,2,4,7,Potential
TC-21145,107,1,1038.26,265.53,2,1,1,4,At Risk
TC-21295,28,8,4266.81,606.37,4,4,4,12,Champions
TC-21475,154,9,1244.98,119.1,2,4,2,8,Loyal
TC-21535,5,7,742.56,217.93,4,3,1,8,Loyal
TD-20995,38,9,1434.55,88.19,3,4,2,9,Loyal
TG-21310,338,5,3058.37,682.17,1,2,3,6,Potential
TG-21640,115,4,2074.66,365.72,2,1,2,5,At Risk
TH-21100,345,5,2422.82,-135.21,1,2,3,6,Potential
TH-21115,59,4,2942.77,-252.55,3,1,3,7,Potential
TH-21235,118,8,1022.2,92.73,2,4,1,7,Potential
TH-21550,73,7,4234.1,-571.97,3,3,4,10,Champions
TM-21010,104,8,2955.23,573.3,2,4,3,9,Loyal
TM-21490,131,3,1094.68,292.52,2,1,1,4,At Risk
TN-21040,91,7,3130.22,-692.05,2,3,3,8,Loyal
TP-21130,9,9,4454.06,1129.13,4,4,4,12,Champions
TP-21415,105,5,5329.0,-1087.39,2,2,4,8,Loyal
TP-21565,351,4,1936.64,139.23,1,1,2,4,At Risk
TR-21325,194,5,675.94,220.36,1,2,1,4,At Risk
TS-21085,358,2,4.83,-3.32,1,1,1,3,Lost
TS-21160,505,6,2163.62,260.87,1,3,2,6,Potential
TS-21205,199,7,5371.09,862.89,1,3,4,8,Loyal
TS-21340,227,5,974.78,-184.98,1,2,1,4,At Risk
TS-21370,37,6,11891.75,2371.71,3,3,4,10,Champions
TS-21430,173,5,2054.14,48.7,2,2,2,6,Potential
TS-21505,12,6,2243.27,11.38,4,3,2,9,Loyal
TS-21610,56,7,2820.42,-294.7,3,3,3,9,Loyal
TS-21655,239,5,3368.09,220.92,1,2,3,6,Potential
TT-21070,32,7,4915.6,751.96,3,3,4,10,Champions
TT-21220,184,8,1427.04,278.74,1,4,2,7,Potential
TT-21265,407,3,439.5,93.92,1,1,1,3,Lost
TT-21460,13,7,5364.81,1124.5,4,3,4,11,Champions
TW-21025,65,7,5278.83,737.39,3,3,4,10,Champions
TZ-21580,36,4,1707.29,224.89,3,1,2,6,Potential
VB-21745,55,6,2005.6,371.24,3,3,2,8,Loyal
VD-21670,582,6,6442.25,1617.79,1,3,4,8,Loyal
VF-21715,14,5,847.94,-96.28,4,2,1,7,Potential
VG-21790,155,6,846.01,143.63,2,3,1,6,Potential
VG-21805,287,5,427.37,-52.33,1,2,1,4,At Risk
VM-21685,55,7,2454.87,513.53,3,3,3,9,Loyal
VM-21835,118,5,380.69,116.64,2,2,1,5,At Risk
VP-21730,31,3,993.9,205.39,4,1,1,6,Potential
VP-21760,76,7,3360.53,-1018.78,3,3,3,9,Loyal
VS-21820,222,4,1055.98,-262.81,1,1,1,3,Lost
VT-21700,1000,2,1736.6,-224.09,1,1,2,4,At Risk
VW-21775,29,10,6134.04,-874.66,4,4,4,12,Champions
WB-21850,21,11,6160.1,714.33,4,4,4,12,Champions
XP-21865,44,11,2374.66,621.23,3,4,3,10,Champions
YC-21895,5,5,5454.35,1305.63,4,2,4,10,Champions
YS-21880,10,8,6720.44,1778.29,4,4,4,12,Champions
ZC-21910,55,13,8025.71,-1032.15,3,4,4,11,Champions
ZD-21925,203,5,1493.94,249.13,1,2,2,5,At Risk
